7.9,0.14,0.28,1.8,0.040999999999999995,44.0,178.0,0.9954,3.45,0.43,9.2,6
6.8,0.23,0.32,1.6,0.026000000000000002,43.0,147.0,0.9904,3.29,0.54,12.5,6
6.4,0.36,0.2,5.7,0.11800000000000001,61.0,172.0,0.9946,3.24,0.43,9.5,6
6.1,0.24,0.26,1.7,0.033,61.0,134.0,0.9903,3.19,0.81,11.9,7
6.0,0.27,0.15,1.5,0.055999999999999994,35.0,128.0,0.9936,3.12,0.45,8.8,5
6.7,0.42,0.46,9.7,0.054000000000000006,67.0,234.0,0.9984799999999999,3.23,0.5,9.0,5
6.2,0.31,0.26,4.8,0.037000000000000005,36.0,148.0,0.9928,3.21,0.41,10.4,6
7.6,0.29,0.42,1.3,0.035,18.0,86.0,0.9908,2.99,0.39,11.3,5
6.9,0.26,0.27,4.2,0.031,20.0,80.0,0.9908899999999999,3.12,0.39,11.5,6
7.3,0.25,0.39,6.4,0.034,8.0,84.0,0.9942,3.18,0.46,11.5,5
8.3,0.15,0.39,1.3,0.055,32.0,146.0,0.993,3.08,0.39,10.5,6
5.6,0.42,0.34,2.4,0.022000000000000002,34.0,97.0,0.98915,3.22,0.38,12.8,7
5.9,0.655,0.0,5.6,0.033,8.0,31.0,0.9936,3.32,0.51,10.5,4
5.8,0.32,0.23,1.5,0.033,39.0,121.0,0.9887,2.96,0.35,12.0,5
6.4,0.28,0.45,8.6,0.057,47.0,223.0,0.99654,3.16,0.51,9.1,5
6.9,0.22,0.31,6.3,0.028999999999999998,41.0,131.0,0.99326,3.08,0.49,10.8,6
6.2,0.17,0.28,4.7,0.037000000000000005,39.0,133.0,0.9931,3.41,0.46,10.8,7
6.1,0.16,0.27,12.6,0.064,63.0,162.0,0.9994,3.66,0.43,8.9,5
6.4,0.16,0.32,8.75,0.038,38.0,118.0,0.99449,3.19,0.41,10.7,5
8.2,0.27,0.43,1.6,0.035,31.0,128.0,0.9916,3.1,0.5,12.3,6
5.2,0.285,0.29,5.15,0.035,64.0,138.0,0.9895,3.19,0.34,12.4,8
8.0,0.22,0.31,5.6,0.049,24.0,97.0,0.993,3.1,0.42,10.9,5
6.4,0.125,0.36,1.4,0.044000000000000004,22.0,68.0,0.9901399999999999,3.15,0.5,11.7,7
6.4,0.24,0.29,11.4,0.051,32.0,166.0,0.9968,3.31,0.45,9.5,5
7.1,0.43,0.3,6.6,0.025,15.0,138.0,0.99126,3.18,0.46,12.6,6
5.6,0.34,0.3,6.9,0.038,23.0,89.0,0.99266,3.25,0.49,11.1,6
6.9,0.26,0.27,4.2,0.031,20.0,80.0,0.9908899999999999,3.12,0.39,11.5,6
8.1,0.27,0.35,1.7,0.03,38.0,103.0,0.99255,3.22,0.63,10.4,8
7.0,0.11,0.32,4.6,0.057,59.0,144.0,0.9956,3.55,0.44,9.4,7
7.3,0.26,0.33,17.85,0.049,41.5,195.0,1.0,3.06,0.44,9.1,7
8.1,0.2,0.49,11.8,0.048,46.0,212.0,0.9968,3.09,0.46,10.0,7
6.0,0.45,0.65,9.7,0.08,11.0,159.0,0.9956,3.04,0.48,9.4,5
6.3,0.21,0.58,10.0,0.081,34.0,126.0,0.9962,2.95,0.46,8.9,5
7.1,0.36,0.56,1.3,0.046,25.0,102.0,0.9923,3.24,0.33,10.5,6
6.7,0.43,0.23,5.0,0.157,49.0,145.0,0.99471,3.17,0.49,9.4,5
7.2,0.23,0.38,14.3,0.057999999999999996,55.0,194.0,0.9979,3.09,0.44,9.0,6
7.4,0.31,0.28,1.6,0.05,33.0,137.0,0.9929,3.31,0.56,10.5,6
6.4,0.31,0.28,2.5,0.039,34.0,137.0,0.98946,3.22,0.38,12.7,6
6.0,0.19,0.37,9.7,0.032,17.0,50.0,0.9932,3.08,0.66,12.0,6
7.6,0.3,0.22,10.2,0.049,57.0,191.0,0.9966,3.08,0.4,9.3,6
7.4,0.3,0.3,5.2,0.053,45.0,163.0,0.9941,3.12,0.45,10.3,6
5.6,0.35,0.37,1.0,0.038,6.0,72.0,0.9902,3.37,0.34,11.4,5
6.5,0.22,0.25,17.1,0.05,44.0,138.0,1.0001,3.3,0.37,8.8,5
6.5,0.28,0.34,9.9,0.038,30.0,133.0,0.9954,3.11,0.44,9.8,5
8.3,0.18,0.3,1.1,0.033,20.0,57.0,0.9910899999999999,3.02,0.51,11.0,6
6.7,0.29,0.49,4.7,0.034,35.0,156.0,0.9945,3.13,0.45,9.9,6
5.7,0.22,0.28,1.3,0.027000000000000003,26.0,101.0,0.9894799999999999,3.35,0.38,12.5,7
6.0,0.27,0.32,3.6,0.035,36.0,133.0,0.99215,3.23,0.46,10.8,6
6.9,0.19,0.35,13.5,0.038,49.0,118.0,0.99546,3.0,0.63,10.7,6
7.6,0.23,0.64,12.9,0.033,54.0,170.0,0.998,3.0,0.53,8.8,5
7.6,0.28,0.17,1.6,0.046,28.0,117.0,0.9928799999999999,3.08,0.43,10.0,5
6.2,0.39,0.24,4.8,0.037000000000000005,45.0,138.0,0.99174,3.23,0.43,11.2,7
7.1,0.36,0.37,4.8,0.019,39.0,114.0,0.99036,3.08,0.49,12.7,7
6.2,0.3,0.31,1.6,0.035,40.0,106.0,0.9891399999999999,3.26,0.39,12.9,7
7.0,0.23,0.42,18.05,0.05,35.0,144.0,0.9999,3.22,0.42,8.8,5
7.6,0.48,0.31,9.4,0.046,6.0,194.0,0.9971399999999999,3.07,0.61,9.4,5
6.4,0.16,0.25,1.4,0.057,21.0,125.0,0.9909100000000001,3.23,0.44,11.1,7
6.6,0.42,0.33,2.8,0.034,15.0,85.0,0.99,3.28,0.51,13.4,6
6.7,0.18,0.25,14.3,0.048,79.0,149.0,0.9975,3.12,0.37,9.7,5
7.2,0.24,0.27,11.4,0.034,40.0,174.0,0.9977299999999999,3.2,0.44,9.0,5
6.9,0.25,0.33,1.2,0.035,35.0,158.0,0.99082,3.02,0.58,11.3,6
6.2,0.22,0.27,1.5,0.064,20.0,132.0,0.9938,3.22,0.46,9.2,6
6.7,0.36,0.26,7.9,0.034,39.0,123.0,0.99119,2.99,0.3,12.2,7
7.1,0.25,0.28,1.6,0.052000000000000005,46.0,169.0,0.9926,3.05,0.41,10.5,5
7.5,0.4,1.0,19.5,0.040999999999999995,33.0,148.0,0.9977,3.24,0.38,12.0,6
6.5,0.35,0.28,12.4,0.051,86.0,213.0,0.9962,3.16,0.51,9.9,6
7.2,0.21,0.35,14.5,0.048,35.0,178.0,0.9982,3.05,0.47,8.9,6
6.1,0.32,0.28,6.6,0.021,29.0,132.0,0.9918799999999999,3.15,0.36,11.45,7
6.4,0.42,0.74,12.8,0.076,48.0,209.0,0.9978,3.12,0.58,9.0,6
6.8,0.26,0.56,11.9,0.043,64.0,226.0,0.997,3.02,0.63,9.3,5
6.2,0.36,0.26,13.2,0.051,54.0,201.0,0.9976,3.25,0.46,9.0,5
9.2,0.25,0.34,1.2,0.026000000000000002,31.0,93.0,0.9916,2.93,0.37,11.3,7
8.3,0.28,0.27,17.5,0.045,48.0,253.0,1.00014,3.02,0.56,9.1,6
8.6,0.36,0.26,11.1,0.03,43.5,171.0,0.9948,3.03,0.49,12.0,5
6.5,0.24,0.36,2.2,0.027000000000000003,36.0,134.0,0.9898,3.28,0.36,12.5,7
6.9,0.25,0.35,9.2,0.034,42.0,150.0,0.9947,3.21,0.36,11.5,6
7.0,0.15,0.38,2.2,0.047,33.0,96.0,0.9928,3.13,0.39,10.4,8
6.9,0.26,0.29,4.2,0.043,33.0,114.0,0.9902,3.16,0.31,12.5,6
6.7,0.35,0.32,9.0,0.032,29.0,113.0,0.9918799999999999,3.13,0.65,12.9,7
7.3,0.21,0.49,1.8,0.038,44.0,152.0,0.9912,3.32,0.44,12.6,7
6.4,0.24,0.23,7.3,0.069,31.0,157.0,0.9962,3.25,0.53,9.1,5
7.2,0.26,0.44,7.1,0.027000000000000003,25.0,126.0,0.993,3.02,0.34,11.1,8
6.4,0.24,0.49,5.8,0.053,25.0,120.0,0.9942,3.01,0.98,10.5,6
7.7,0.27,0.49,1.8,0.040999999999999995,23.0,86.0,0.9914,3.16,0.42,12.5,6
6.5,0.37,0.33,3.9,0.027000000000000003,40.0,130.0,0.9906,3.28,0.39,12.7,7
7.4,0.25,0.36,13.2,0.067,53.0,178.0,0.9976,3.01,0.48,9.0,6
5.3,0.32,0.23,9.65,0.026000000000000002,26.0,119.0,0.9916799999999999,3.18,0.53,12.2,6
6.4,0.29,0.28,11.1,0.063,66.0,169.0,0.9973,2.89,0.57,9.0,5
6.6,0.25,0.29,1.1,0.068,39.0,124.0,0.9914,3.34,0.58,11.0,7
6.9,0.17,0.3,2.0,0.047,13.0,117.0,0.9915200000000001,3.16,0.51,11.6,6
5.7,0.21,0.25,1.1,0.035,26.0,81.0,0.9902,3.31,0.52,11.4,6
7.5,0.32,0.37,1.2,0.048,22.0,184.0,0.9938,3.09,0.43,9.3,5
4.8,0.21,0.21,10.2,0.037000000000000005,17.0,112.0,0.99324,3.66,0.48,12.2,7
6.3,0.23,0.49,7.1,0.05,67.0,210.0,0.9951,3.23,0.34,9.5,5
7.8,0.32,0.33,2.4,0.037000000000000005,18.0,101.0,0.9912,3.21,0.65,11.7,7
7.4,0.3,0.22,5.25,0.053,33.0,180.0,0.9926,3.13,0.45,11.6,6
6.1,0.3,0.32,2.2,0.042,41.0,142.0,0.9895200000000001,3.31,0.44,12.7,7
6.7,0.34,0.31,16.4,0.051,20.0,146.0,0.99834,3.06,0.54,9.1,5
7.9,0.21,0.39,2.0,0.057,21.0,138.0,0.9917600000000001,3.05,0.52,10.9,5
6.0,0.22,0.33,12.2,0.033,25.0,97.0,0.99356,3.17,0.42,11.3,7
8.4,0.58,0.27,12.15,0.033,37.0,116.0,0.9959,2.99,0.39,10.8,6
7.4,0.44,0.2,11.5,0.049,44.0,157.0,0.998,3.27,0.44,9.0,5
6.9,0.19,0.35,13.5,0.038,49.0,118.0,0.99546,3.0,0.63,10.7,6
6.6,0.38,0.15,4.6,0.044000000000000004,25.0,78.0,0.9931,3.11,0.38,10.2,6
7.7,0.16,0.41,1.7,0.048,60.0,173.0,0.9932,3.24,0.66,11.2,7
6.2,0.25,0.54,7.0,0.046,58.0,176.0,0.99454,3.19,0.7,10.4,5
6.9,0.28,0.3,1.6,0.047,46.0,132.0,0.9918,3.35,0.38,11.1,7
5.0,0.33,0.16,1.5,0.049,10.0,97.0,0.9917,3.48,0.44,10.7,6
6.1,0.22,0.25,12.1,0.035,54.0,135.0,0.9948100000000001,3.21,0.4,10.7,5
8.5,0.25,0.27,4.7,0.031,31.0,92.0,0.9922,3.01,0.33,12.0,6
6.1,0.43,0.35,9.1,0.059000000000000004,83.0,249.0,0.9971,3.37,0.5,8.5,5
6.4,0.35,0.51,7.8,0.055,53.0,177.0,0.9950200000000001,3.12,0.45,9.6,5
6.8,0.22,0.37,1.7,0.036000000000000004,38.0,195.0,0.9908,3.35,0.72,12.5,6
6.3,0.37,0.51,6.3,0.048,35.0,146.0,0.9943,3.1,1.01,10.5,6
7.6,0.27,0.29,2.5,0.059000000000000004,37.0,115.0,0.9932799999999999,3.09,0.37,9.8,5
7.2,0.2,0.22,1.6,0.044000000000000004,17.0,101.0,0.99471,3.37,0.53,10.0,5
7.5,0.26,0.38,5.7,0.021,23.0,125.0,0.9933799999999999,3.13,0.62,11.1,6
6.0,0.22,0.28,1.1,0.034,47.0,90.0,0.98862,3.22,0.38,12.6,6
8.4,0.35,0.56,13.8,0.048,55.0,190.0,0.9993,3.07,0.58,9.4,6
7.2,0.685,0.21,9.5,0.07,33.0,172.0,0.9971,3.0,0.55,9.1,6
6.8,0.21,0.31,2.9,0.046,40.0,121.0,0.9913,3.07,0.65,10.9,7
6.9,0.18,0.38,8.1,0.049,44.0,176.0,0.9958,3.3,0.54,9.8,6
6.2,0.28,0.41,5.0,0.043,50.0,188.0,0.99318,3.23,0.64,10.8,6
8.8,0.35,0.49,1.0,0.036000000000000004,14.0,56.0,0.992,2.96,0.33,10.5,4
7.7,0.28,0.63,11.1,0.039,58.0,179.0,0.9979,3.08,0.44,8.8,4
5.2,0.25,0.23,1.4,0.047,20.0,77.0,0.9900100000000001,3.32,0.62,11.4,5
5.0,0.33,0.16,1.5,0.049,10.0,97.0,0.9917,3.48,0.44,10.7,6
6.6,0.22,0.23,17.3,0.047,37.0,118.0,0.9990600000000001,3.08,0.46,8.8,6
6.7,0.31,0.31,9.9,0.04,10.0,175.0,0.9953,3.46,0.55,11.4,4
7.0,0.14,0.28,1.3,0.026000000000000002,10.0,56.0,0.9935200000000001,3.46,0.45,9.9,5
5.7,0.21,0.24,2.3,0.047,60.0,189.0,0.995,3.65,0.72,10.1,6
6.4,0.25,0.33,1.4,0.04,42.0,115.0,0.9906,3.19,0.48,11.3,7
7.0,0.13,0.37,12.85,0.042,36.0,105.0,0.9958100000000001,3.05,0.55,10.7,6
7.9,0.18,0.36,5.9,0.057999999999999996,31.0,132.0,0.995,3.25,0.52,10.9,6
6.6,0.41,0.31,1.6,0.042,18.0,101.0,0.99195,3.13,0.41,10.5,5
5.8,0.32,0.28,4.3,0.032,46.0,115.0,0.98946,3.16,0.57,13.0,8
6.8,0.28,0.36,7.0,0.043,60.0,207.0,0.99556,3.16,0.49,9.6,6
8.1,0.24,0.38,4.3,0.044000000000000004,49.0,172.0,0.996,3.37,0.74,10.8,6
6.4,0.15,0.31,1.1,0.044000000000000004,25.0,96.0,0.9932,3.54,0.51,10.3,6
7.9,0.28,0.41,4.9,0.057999999999999996,31.0,153.0,0.9966,3.27,0.51,9.7,6
7.0,0.34,0.26,10.3,0.040999999999999995,51.0,166.0,0.99382,3.08,0.35,11.6,6
6.9,0.23,0.32,16.4,0.045,62.0,153.0,0.9972,3.22,0.42,10.5,5
7.8,0.21,0.34,11.9,0.039,55.0,140.0,0.9959,3.02,0.31,10.3,6
6.8,0.31,0.25,10.5,0.043,30.0,165.0,0.9972,3.36,0.55,10.55,6
6.3,0.33,0.2,17.9,0.066,36.0,161.0,0.9991,3.14,0.51,8.8,5
6.5,0.28,0.35,15.4,0.042,55.0,195.0,0.9978,3.23,0.5,9.6,6
6.6,0.25,0.33,8.5,0.042,29.0,141.0,0.99546,3.28,0.6,10.4,5
7.3,0.27,0.39,6.7,0.064,28.0,188.0,0.9958,3.29,0.3,9.7,5
8.1,0.12,0.38,0.9,0.034,36.0,86.0,0.99026,2.8,0.55,12.0,6
6.8,0.2,0.25,6.2,0.052000000000000005,22.0,106.0,0.9935,3.09,0.54,10.8,5
6.2,0.27,0.43,7.8,0.055999999999999994,48.0,244.0,0.9956,3.1,0.51,9.0,6
6.0,0.39,0.17,12.0,0.046,65.0,246.0,0.9976,3.15,0.38,9.0,6
6.8,0.52,0.32,13.2,0.044000000000000004,54.0,221.0,0.9972,3.27,0.5,9.6,6
8.8,0.23,0.74,3.2,0.042,15.0,126.0,0.9934,3.02,0.51,11.2,6
6.5,0.35,0.28,12.4,0.051,86.0,213.0,0.9962,3.16,0.51,9.9,6
6.8,0.27,0.3,13.0,0.047,69.0,160.0,0.99705,3.16,0.5,9.6,6
5.9,0.23,0.24,1.6,0.037000000000000005,32.0,115.0,0.9907600000000001,3.21,0.51,11.4,6
7.2,0.23,0.19,13.7,0.052000000000000005,47.0,197.0,0.99865,3.12,0.53,9.0,5
7.7,0.24,0.29,15.3,0.044000000000000004,39.0,194.0,0.9982,3.06,0.47,9.6,7
6.2,0.18,0.49,4.5,0.047,17.0,90.0,0.9919,3.27,0.37,11.6,6
7.1,0.55,0.13,1.7,0.073,21.0,165.0,0.9940000000000001,2.97,0.58,9.2,6
5.2,0.22,0.46,6.2,0.066,41.0,187.0,0.9936200000000001,3.19,0.42,9.73333333333333,5
7.1,0.2,0.37,1.5,0.049,28.0,129.0,0.99226,3.15,0.52,10.8,5
7.2,0.23,0.25,18.8,0.085,19.0,111.0,1.00044,3.1,0.51,8.7,5
6.1,0.38,0.47,1.4,0.051,59.0,210.0,0.9930899999999999,3.24,0.5,9.6,5
6.6,0.34,0.18,6.4,0.08199999999999999,47.0,240.0,0.9971,3.42,0.48,9.2,5
7.6,0.29,0.58,17.5,0.040999999999999995,51.0,225.0,0.9997,3.16,0.66,9.5,6
7.4,0.18,0.3,8.8,0.064,26.0,103.0,0.9961,2.94,0.56,9.3,5
5.6,0.16,0.27,1.4,0.044000000000000004,53.0,168.0,0.9918,3.28,0.37,10.1,6
6.2,0.37,0.22,8.3,0.025,36.0,216.0,0.9964,3.33,0.6,9.6,6
6.0,0.19,0.29,1.1,0.047,67.0,152.0,0.9916,3.54,0.59,11.1,7
8.2,0.27,0.43,1.6,0.035,31.0,128.0,0.9916,3.1,0.5,12.3,6
6.8,0.21,0.31,2.9,0.046,40.0,121.0,0.9913,3.07,0.65,10.9,7
5.9,0.27,0.27,5.0,0.035,14.0,97.0,0.9905799999999999,3.1,0.33,11.8,7
5.4,0.255,0.33,1.2,0.051,29.0,122.0,0.9904799999999999,3.37,0.66,11.3,6
7.4,0.2,0.36,1.2,0.038,44.0,111.0,0.9926,3.36,0.34,9.9,6
6.6,0.22,0.23,17.3,0.047,37.0,118.0,0.9990600000000001,3.08,0.46,8.8,6
7.2,0.32,0.3,8.25,0.02,14.0,104.0,0.9936200000000001,2.99,0.44,11.4,6
7.5,0.24,0.31,13.1,0.05,26.0,180.0,0.99884,3.05,0.53,9.1,6
7.8,0.27,0.35,1.2,0.05,36.0,140.0,0.9913799999999999,3.09,0.45,11.2,5
7.3,0.41,0.24,6.8,0.057,41.0,163.0,0.9949,3.2,0.41,9.9,6
5.1,0.33,0.27,6.7,0.022000000000000002,44.0,129.0,0.99221,3.36,0.39,11.0,7
6.6,0.36,0.28,6.1,0.028999999999999998,12.0,93.0,0.99054,3.19,0.27,12.8,7
8.3,0.49,0.23,6.65,0.034,6.0,158.0,0.99344,3.05,0.48,11.2,5
6.8,0.28,0.43,7.6,0.03,30.0,110.0,0.99164,3.08,0.59,12.5,8
6.7,0.13,0.32,3.7,0.017,32.0,99.0,0.9934799999999999,3.12,0.44,10.0,6
7.0,0.4,0.25,1.8,0.05,51.0,189.0,0.99174,3.0,0.55,11.4,6
7.2,0.21,0.34,1.1,0.046,25.0,80.0,0.992,3.25,0.4,11.3,6
7.0,0.18,0.49,5.3,0.04,34.0,125.0,0.9914,3.24,0.4,12.2,6
7.6,0.18,0.28,7.1,0.040999999999999995,29.0,110.0,0.9965200000000001,3.2,0.42,9.2,6
7.1,0.31,0.5,14.5,0.059000000000000004,6.0,148.0,0.9983,2.94,0.44,9.1,5
6.0,0.38,0.26,6.0,0.034,42.0,134.0,0.9912,3.38,0.38,12.3,7
6.3,0.22,0.43,4.55,0.038,31.0,130.0,0.9918,3.35,0.33,11.5,7
6.5,0.33,0.38,8.3,0.048,68.0,174.0,0.99492,3.14,0.5,9.6,5
6.9,0.28,0.37,9.1,0.037000000000000005,16.0,76.0,0.9948,3.05,0.54,11.1,5
8.6,0.2,0.42,1.5,0.040999999999999995,35.0,125.0,0.9925,3.11,0.49,11.4,7
6.6,0.4,0.46,6.2,0.055999999999999994,42.0,241.0,0.9968,3.5,0.6,9.9,5
6.0,0.28,0.49,6.8,0.048,61.0,222.0,0.9953,3.19,0.47,9.3,5
8.9,0.32,0.49,1.6,0.05,17.0,131.0,0.9956,3.13,0.34,9.4,5
6.2,0.39,0.24,4.8,0.037000000000000005,45.0,138.0,0.99174,3.23,0.43,11.2,7
5.1,0.3,0.3,2.3,0.048,40.0,150.0,0.98944,3.29,0.46,12.2,6
7.4,0.4,0.41,14.1,0.053,37.0,194.0,0.9988600000000001,3.2,0.63,9.4,6
6.4,0.24,0.23,2.0,0.046,30.0,133.0,0.9908,3.12,0.54,11.4,7
7.5,0.42,0.14,10.7,0.046,18.0,95.0,0.9959,3.22,0.33,10.7,5
6.3,0.37,0.28,6.3,0.034,45.0,152.0,0.9921,3.29,0.46,11.6,7
6.4,0.5,0.2,2.4,0.059000000000000004,19.0,112.0,0.9931399999999999,3.18,0.4,9.2,6
6.8,0.25,0.27,10.7,0.076,47.0,154.0,0.9967,3.05,0.38,9.0,5
6.3,0.27,0.37,7.9,0.047,58.0,215.0,0.9954200000000001,3.19,0.48,9.5,6
6.8,0.34,0.27,5.2,0.06,14.0,169.0,0.9925200000000001,3.27,0.57,11.6,6
6.0,0.395,0.0,1.4,0.042,7.0,55.0,0.99135,3.37,0.38,11.2,4
7.3,0.815,0.09,11.4,0.044000000000000004,45.0,204.0,0.99713,3.15,0.46,9.0,5
6.2,0.33,0.14,4.8,0.052000000000000005,27.0,128.0,0.99475,3.21,0.48,9.4,5
7.9,0.16,0.74,17.85,0.037000000000000005,52.0,187.0,0.9998,2.99,0.41,9.3,5
6.6,0.42,0.33,2.8,0.034,15.0,85.0,0.99,3.28,0.51,13.4,6
7.1,0.2,0.36,11.6,0.042,45.0,124.0,0.997,2.92,0.59,9.5,7
7.4,0.16,0.49,1.2,0.055,18.0,150.0,0.9917,3.23,0.47,11.2,6
7.3,0.18,0.29,1.0,0.036000000000000004,26.0,101.0,0.99,3.09,0.37,11.7,6
8.8,0.39,0.34,5.9,0.055,33.0,128.0,0.9927,2.95,0.51,11.8,6
6.7,0.25,0.23,7.2,0.038,61.0,220.0,0.9952,3.14,0.35,9.5,5
6.2,0.36,0.38,3.2,0.031,20.0,89.0,0.98956,3.06,0.33,12.0,7
7.3,0.22,0.49,9.9,0.031,48.0,161.0,0.9937,3.01,0.28,11.2,6
6.2,0.3,0.42,2.2,0.036000000000000004,28.0,128.0,0.9901,3.13,0.38,11.6,6
7.2,0.37,0.4,11.6,0.032,34.0,214.0,0.9963,3.1,0.51,9.8,6
6.7,0.27,0.12,1.3,0.040999999999999995,62.0,138.0,0.9921,3.21,0.42,10.0,6
7.9,0.33,0.26,1.2,0.044000000000000004,23.0,103.0,0.9932,3.19,0.54,10.5,6
7.7,0.32,0.48,2.3,0.04,28.0,114.0,0.9911,3.2,0.52,12.8,7
6.1,0.41,0.0,1.6,0.063,36.0,87.0,0.9914,3.27,0.67,10.8,6
6.0,0.37,0.32,1.0,0.053,31.0,218.5,0.9924,3.29,0.72,9.8,6
7.0,0.16,0.25,14.3,0.044000000000000004,27.0,149.0,0.998,2.91,0.46,9.2,6
6.4,0.41,0.01,6.1,0.048,20.0,70.0,0.9936200000000001,3.19,0.42,10.0,5
8.1,0.34,0.28,7.5,0.04,70.0,230.0,0.9955799999999999,3.14,0.55,9.8,6
5.9,0.21,0.31,1.8,0.033,45.0,142.0,0.9898399999999999,3.35,0.5,12.7,6
7.3,0.22,0.31,2.3,0.018000000000000002,45.0,80.0,0.98936,3.06,0.34,12.9,7
8.0,0.55,0.42,12.6,0.21100000000000002,37.0,213.0,0.9988,2.99,0.56,9.3,5
6.6,0.25,0.31,1.5,0.035,32.0,127.0,0.9921,3.41,0.47,11.3,6
6.9,0.21,0.33,1.8,0.034,48.0,136.0,0.9899,3.25,0.41,12.6,7
5.7,0.32,0.5,2.6,0.049,17.0,155.0,0.9927,3.22,0.64,10.0,6
7.1,0.26,0.32,16.2,0.044000000000000004,31.0,170.0,0.99644,3.17,0.37,11.2,5
7.5,0.28,0.78,12.1,0.040999999999999995,53.0,161.0,0.9983799999999999,2.98,0.44,8.7,5
7.6,0.32,0.34,18.35,0.054000000000000006,44.0,197.0,1.0008,3.22,0.55,9.0,5
9.5,0.42,0.41,2.3,0.034,22.0,145.0,0.9951,3.06,0.52,11.0,6
7.2,0.21,1.0,1.1,0.154,46.0,114.0,0.9931,2.95,0.43,9.2,6
7.2,0.32,0.3,8.25,0.02,14.0,104.0,0.9936200000000001,2.99,0.44,11.4,6
6.7,0.28,0.14,1.4,0.043,64.0,159.0,0.992,3.17,0.39,10.0,5
7.3,0.26,0.24,1.7,0.05,10.0,112.0,0.9928600000000001,3.11,0.43,9.9,5
6.8,0.21,0.74,1.2,0.047,25.0,111.0,0.9916,3.13,0.41,10.7,6
6.7,0.19,0.34,1.0,0.022000000000000002,22.0,94.0,0.9912,3.23,0.57,11.1,6
6.8,0.19,0.33,4.9,0.047,42.0,130.0,0.9928299999999999,3.12,0.56,11.0,6
6.2,0.26,0.29,2.0,0.036000000000000004,16.0,87.0,0.9908100000000001,3.33,0.61,11.8,6
7.7,0.39,0.34,10.0,0.055999999999999994,35.0,178.0,0.9974,3.26,0.6,10.2,5
7.5,0.31,0.24,7.1,0.031,28.0,141.0,0.99397,3.16,0.38,10.6,7
6.8,0.19,0.4,9.85,0.055,41.0,103.0,0.9953200000000001,2.98,0.56,10.5,6
6.8,0.21,0.36,18.1,0.046,32.0,133.0,1.0,3.27,0.48,8.8,5
7.2,0.21,0.28,2.7,0.033,38.0,94.0,0.99075,2.99,0.43,11.8,7
7.4,0.3,0.32,1.7,0.03,23.0,128.0,0.9929,3.17,0.66,10.9,5
3.8,0.31,0.02,11.1,0.036000000000000004,20.0,114.0,0.9924799999999999,3.75,0.44,12.4,6
7.0,0.21,0.34,8.5,0.033,31.0,253.0,0.9953,3.22,0.56,10.5,6
5.9,0.27,0.29,11.4,0.036000000000000004,31.0,115.0,0.9949,3.35,0.48,10.5,8
7.5,0.14,0.34,1.3,0.055,50.0,153.0,0.9945,3.29,0.8,9.6,6
7.3,0.22,0.37,14.3,0.063,48.0,191.0,0.9978,2.89,0.38,9.0,6
8.0,0.25,0.13,17.2,0.036000000000000004,49.0,219.0,0.9996,2.96,0.46,9.7,5
6.6,0.17,0.26,7.4,0.052000000000000005,45.0,128.0,0.9938799999999999,3.16,0.37,10.0,6
8.8,0.28,0.45,6.0,0.022000000000000002,14.0,49.0,0.9934,3.01,0.33,11.1,7
6.0,0.26,0.29,1.0,0.032,27.0,96.0,0.9896,3.38,0.44,12.3,6
5.5,0.17,0.23,2.9,0.039,10.0,108.0,0.9924299999999999,3.28,0.5,10.0,5
6.6,0.21,0.38,2.2,0.026000000000000002,40.0,104.0,0.9914,3.25,0.4,11.1,8
8.4,0.22,0.28,18.8,0.027999999999999997,55.0,130.0,0.998,2.96,0.35,11.6,5
6.6,0.38,0.18,1.2,0.042,20.0,84.0,0.9927,3.22,0.45,10.1,4
7.0,0.35,0.17,1.1,0.049,7.0,119.0,0.99297,3.13,0.36,9.7,6
6.4,0.4,0.19,3.2,0.033,28.0,124.0,0.9904,3.22,0.54,12.7,7
6.4,0.44,0.26,2.0,0.054000000000000006,20.0,180.0,0.9952,3.58,0.57,10.0,5
7.3,0.25,0.28,1.5,0.043,19.0,113.0,0.9933799999999999,3.38,0.56,10.1,6
6.9,0.24,0.33,1.7,0.035,47.0,136.0,0.99,3.26,0.4,12.6,7
6.1,0.3,0.56,2.8,0.044000000000000004,47.0,179.0,0.9924,3.3,0.57,10.9,7
6.1,0.21,0.38,1.5,0.039,37.0,122.0,0.98972,3.2,0.43,12.0,6
6.1,0.27,0.43,7.5,0.049,65.0,243.0,0.9957,3.12,0.47,9.0,5
7.1,0.29,0.3,16.0,0.036000000000000004,58.0,201.0,0.99954,3.3,0.67,9.0,5
7.8,0.24,0.32,12.2,0.054000000000000006,42.0,138.0,0.9984,3.01,0.54,8.8,5
7.5,0.705,0.1,13.0,0.044000000000000004,44.0,214.0,0.99741,3.1,0.5,9.1,5
6.5,0.21,0.42,1.1,0.059000000000000004,33.0,101.0,0.9927,3.12,0.38,9.7,6
6.8,0.63,0.04,1.3,0.057999999999999996,25.0,133.0,0.99271,3.17,0.39,10.2,4
8.0,0.24,0.3,17.45,0.055999999999999994,43.0,184.0,0.9997,3.05,0.5,9.2,6
7.0,0.28,0.33,14.6,0.043,47.0,168.0,0.9994,3.34,0.67,8.8,6
6.6,0.22,0.37,15.4,0.035,62.0,153.0,0.99845,3.02,0.4,9.3,5
7.3,0.22,0.37,14.3,0.063,48.0,191.0,0.9978,2.89,0.38,9.0,6
6.3,0.17,0.32,4.2,0.04,37.0,117.0,0.99182,3.24,0.43,11.3,6
6.4,0.32,0.26,7.9,0.05,53.0,180.0,0.9951399999999999,3.14,0.5,9.6,5
8.1,0.5,0.47,1.1,0.037000000000000005,23.0,126.0,0.9938,3.21,0.42,10.9,5
4.8,0.13,0.32,1.2,0.042,40.0,98.0,0.9898,3.42,0.64,11.8,7
6.5,0.3,0.39,7.8,0.038,61.0,219.0,0.9959,3.19,0.5,9.4,5
6.7,0.22,0.37,1.6,0.027999999999999997,24.0,102.0,0.9913,3.29,0.59,11.6,7
6.0,0.28,0.24,17.8,0.047,42.0,111.0,0.9989600000000001,3.1,0.45,8.9,6
8.5,0.16,0.35,1.6,0.039,24.0,147.0,0.9935,2.96,0.36,10.0,5
6.8,0.36,0.24,4.6,0.039,24.0,124.0,0.9909,3.27,0.34,12.6,7
7.3,0.18,0.29,1.2,0.044000000000000004,12.0,143.0,0.9918,3.2,0.48,11.3,7
7.7,0.38,0.23,10.8,0.03,28.0,95.0,0.99164,2.93,0.41,13.6,6
7.1,0.31,0.38,1.2,0.036000000000000004,10.0,124.0,0.9924,3.14,0.44,9.9,6
5.8,0.3,0.27,1.7,0.013999999999999999,45.0,104.0,0.9891399999999999,3.4,0.56,12.6,7
7.5,0.24,0.62,10.6,0.045,51.0,153.0,0.99779,3.16,0.44,8.8,5
6.6,0.16,0.29,1.8,0.05,40.0,147.0,0.9912,3.06,0.44,11.4,7
6.9,0.44,0.42,8.5,0.048,10.0,147.0,0.9974,3.32,0.46,9.5,6
6.8,0.18,0.3,12.8,0.062,19.0,171.0,0.99808,3.0,0.52,9.0,7
5.8,0.27,0.4,1.2,0.076,47.0,130.0,0.99185,3.13,0.45,10.3,6
6.6,0.22,0.3,14.7,0.045,50.0,136.0,0.9970399999999999,3.14,0.37,10.6,6
8.1,0.28,0.46,15.4,0.059000000000000004,32.0,177.0,1.0004,3.27,0.58,9.0,4
7.1,0.2,0.31,6.85,0.053,32.0,211.0,0.99587,3.31,0.59,10.4,6
5.6,0.24,0.34,2.0,0.040999999999999995,14.0,73.0,0.9898100000000001,3.04,0.45,11.6,7
7.1,0.21,0.31,3.8,0.021,40.0,142.0,0.99215,3.17,0.39,10.8,7
5.3,0.24,0.33,1.3,0.033,25.0,97.0,0.9906,3.59,0.38,11.0,8
6.1,0.21,0.3,6.3,0.039,47.0,136.0,0.9906799999999999,3.27,0.31,12.7,6
6.1,0.36,0.41,19.35,0.07,67.0,207.0,1.00118,3.39,0.53,9.1,5
7.2,0.24,0.36,2.0,0.028999999999999998,21.0,63.0,0.9907600000000001,3.13,0.63,12.5,6
6.4,0.22,0.34,1.4,0.023,56.0,115.0,0.9895799999999999,3.18,0.7,11.7,6
7.0,0.36,0.35,2.5,0.048,67.0,161.0,0.99146,3.05,0.56,11.1,6
6.4,0.15,0.36,1.8,0.034,43.0,150.0,0.9922,3.42,0.69,11.0,8
7.2,0.4,0.62,10.8,0.040999999999999995,70.0,189.0,0.9976,3.08,0.49,8.6,4
5.9,0.18,0.28,1.0,0.037000000000000005,24.0,88.0,0.9909399999999999,3.29,0.55,10.65,7
6.2,0.24,0.29,13.3,0.039,49.0,130.0,0.9952,3.33,0.46,11.0,8
6.3,0.34,0.29,6.2,0.046,29.0,227.0,0.9952,3.29,0.53,10.1,6
7.0,0.29,0.37,4.9,0.034,26.0,127.0,0.9928,3.17,0.44,10.8,6
6.4,0.34,0.1,1.1,0.048,19.0,84.0,0.9927,3.21,0.38,9.8,5
8.0,0.23,0.37,9.6,0.054000000000000006,23.0,159.0,0.99795,3.32,0.47,9.8,4
7.5,0.26,0.31,1.6,0.032,36.0,109.0,0.99044,2.97,0.43,11.9,6
7.6,0.23,0.34,1.6,0.043,24.0,129.0,0.99305,3.12,0.7,10.4,5
5.8,0.31,0.33,1.2,0.036000000000000004,23.0,99.0,0.9916,3.18,0.6,10.5,6
6.8,0.37,0.28,4.0,0.03,29.0,79.0,0.99,3.23,0.46,12.4,7
6.1,0.17,0.21,1.9,0.09,44.0,130.0,0.99255,3.07,0.41,9.7,5
6.2,0.32,0.32,2.2,0.036000000000000004,15.0,70.0,0.9899,3.16,0.48,12.7,6
6.4,0.43,0.32,1.4,0.048,10.0,67.0,0.992,3.08,0.41,11.4,5
7.3,0.32,0.25,7.2,0.055999999999999994,47.0,180.0,0.9961,3.08,0.47,8.8,5
6.6,0.22,0.34,11.6,0.05,59.0,140.0,0.99526,3.22,0.4,10.8,5
6.8,0.44,0.37,5.1,0.047,46.0,201.0,0.9938,3.08,0.65,10.5,4
6.3,0.3,0.34,1.6,0.049,14.0,132.0,0.9940000000000001,3.3,0.49,9.5,6
6.9,0.25,0.3,4.1,0.054000000000000006,23.0,116.0,0.9940000000000001,2.99,0.38,9.4,6
7.4,0.28,0.5,12.1,0.049,48.0,122.0,0.9973,3.01,0.44,9.0,5
7.6,0.29,0.49,9.6,0.03,45.0,197.0,0.9938,3.13,0.38,12.3,7
6.1,0.27,0.3,16.7,0.039,49.0,172.0,0.99985,3.4,0.45,9.4,5
7.4,0.25,0.36,2.05,0.05,31.0,100.0,0.992,3.19,0.44,10.8,6
7.0,0.22,0.33,2.1,0.052000000000000005,15.0,76.0,0.993,3.2,0.41,10.6,6
6.7,0.18,0.3,6.4,0.048,40.0,251.0,0.9956,3.29,0.52,10.0,5
7.4,0.25,0.37,13.5,0.06,52.0,192.0,0.9975,3.0,0.44,9.1,5
7.9,0.35,0.24,15.6,0.07200000000000001,44.0,229.0,0.99785,3.03,0.59,10.5,6
6.1,0.22,0.23,3.1,0.052000000000000005,15.0,104.0,0.9948,3.14,0.42,8.7,5
8.2,0.18,0.49,1.1,0.033,28.0,81.0,0.9923,3.0,0.68,10.4,7
6.1,0.16,0.37,1.1,0.031,37.0,97.0,0.9922,3.4,0.58,10.5,6
5.8,0.15,0.28,0.8,0.037000000000000005,43.0,127.0,0.99198,3.24,0.51,9.3,5
5.3,0.36,0.27,6.3,0.027999999999999997,40.0,132.0,0.9918600000000001,3.37,0.4,11.6,6
6.4,0.35,0.2,5.7,0.034,18.0,117.0,0.9944,3.33,0.43,10.1,5
7.5,0.19,0.34,2.6,0.037000000000000005,33.0,125.0,0.9923,3.1,0.49,11.1,7
7.9,0.21,0.39,2.0,0.057,21.0,138.0,0.9917600000000001,3.05,0.52,10.9,5
6.3,0.25,0.27,6.6,0.054000000000000006,40.0,158.0,0.9937799999999999,3.2,0.48,10.3,5
7.4,0.18,0.3,10.4,0.045,44.0,174.0,0.9966,3.11,0.57,9.7,6
7.2,0.19,0.39,1.2,0.036000000000000004,32.0,85.0,0.9918,3.16,0.5,10.5,5
6.4,0.29,0.18,15.0,0.04,21.0,116.0,0.99736,3.14,0.5,9.2,5
7.7,0.26,0.34,6.4,0.05,36.0,163.0,0.9937,3.19,0.7,11.5,6
6.2,0.22,0.3,12.4,0.054000000000000006,108.0,152.0,0.9972799999999999,3.1,0.47,9.5,6
6.3,0.32,0.17,17.75,0.06,51.0,190.0,0.99916,3.13,0.48,8.8,6
7.6,0.19,0.41,1.1,0.04,38.0,143.0,0.9907,2.92,0.42,11.4,5
6.5,0.22,0.31,3.9,0.046,17.0,106.0,0.99098,3.15,0.31,11.5,5
6.5,0.33,0.3,3.8,0.036000000000000004,34.0,88.0,0.9902799999999999,3.25,0.63,12.5,7
7.2,0.32,0.24,5.6,0.033,23.0,120.0,0.99334,2.92,0.66,10.3,7
8.4,0.32,0.35,11.7,0.028999999999999998,3.0,46.0,0.99439,3.02,0.34,11.8,6
7.4,0.28,0.36,1.1,0.027999999999999997,42.0,105.0,0.9893,2.99,0.39,12.4,7
6.4,0.4,0.25,4.2,0.032,15.0,91.0,0.98988,3.26,0.52,13.1,6
9.4,0.26,0.53,1.2,0.047,25.0,109.0,0.9921,3.23,0.28,12.5,6
5.4,0.15,0.32,2.5,0.037000000000000005,10.0,51.0,0.9887799999999999,3.04,0.58,12.6,6
7.5,0.19,0.49,1.8,0.055,19.0,110.0,0.9946,3.33,0.44,9.9,5
6.4,0.27,0.49,7.3,0.046,53.0,206.0,0.9956,3.24,0.43,9.2,6
6.8,0.26,0.34,15.1,0.06,42.0,162.0,0.99705,3.24,0.52,10.5,3
5.6,0.28,0.27,3.9,0.043,52.0,158.0,0.9920200000000001,3.35,0.44,10.7,7
7.7,0.275,0.3,1.0,0.039,19.0,75.0,0.992,3.01,0.56,10.7,5
6.3,0.27,0.46,11.75,0.037000000000000005,61.0,212.0,0.9971,3.25,0.53,9.5,6
5.4,0.46,0.15,2.1,0.026000000000000002,29.0,130.0,0.9895299999999999,3.39,0.77,13.4,8
6.1,0.24,0.32,9.0,0.031,41.0,134.0,0.99234,3.25,0.26,12.3,7
6.5,0.37,0.3,2.2,0.033,39.0,107.0,0.9889399999999999,3.22,0.53,13.5,7
6.4,0.33,0.24,1.6,0.054000000000000006,25.0,117.0,0.9943,3.36,0.5,9.3,5
6.1,0.32,0.24,1.5,0.036000000000000004,38.0,124.0,0.9898,3.29,0.42,12.4,7
6.5,0.18,0.41,14.2,0.039,47.0,129.0,0.9967799999999999,3.28,0.72,10.3,7
8.4,0.35,0.56,13.8,0.048,55.0,190.0,0.9993,3.07,0.58,9.4,6
9.7,0.24,0.49,4.9,0.032,3.0,18.0,0.9936799999999999,2.85,0.54,10.0,6
5.8,0.42,0.3,2.2,0.035,26.0,129.0,0.9890000000000001,3.32,0.47,12.9,6
6.7,0.29,0.45,14.3,0.054000000000000006,30.0,181.0,0.99869,3.14,0.57,9.1,5
6.5,0.39,0.81,1.2,0.217,14.0,74.0,0.9936,3.08,0.53,9.5,5
7.8,0.16,0.41,1.7,0.026000000000000002,29.0,140.0,0.991,3.02,0.78,12.5,6
5.6,0.49,0.13,4.5,0.039,17.0,116.0,0.9907,3.42,0.9,13.7,7
7.0,0.16,0.26,7.3,0.047,30.0,220.0,0.9962200000000001,3.38,0.58,10.1,6
6.5,0.18,0.34,1.6,0.04,43.0,148.0,0.9912,3.32,0.59,11.5,8
6.5,0.28,0.29,2.7,0.038,26.0,107.0,0.9912,3.32,0.41,11.6,7
8.3,0.4,0.41,8.2,0.05,15.0,122.0,0.9979,3.39,0.49,9.3,5
7.6,0.26,0.32,1.3,0.048,23.0,76.0,0.9903,2.96,0.46,12.0,6
6.7,0.25,0.34,12.85,0.048,30.0,161.0,0.9986,3.44,0.47,9.5,6
8.3,0.3,0.36,10.0,0.042,33.0,169.0,0.9982,3.23,0.51,9.3,6
5.9,0.44,0.33,1.2,0.049,12.0,117.0,0.99134,3.46,0.44,11.5,5
7.6,0.27,0.3,9.2,0.018000000000000002,23.0,96.0,0.9938,3.08,0.29,11.0,6
7.3,0.25,0.26,7.2,0.048,52.0,207.0,0.99587,3.12,0.37,9.2,5
6.5,0.19,0.34,1.6,0.028999999999999998,39.0,116.0,0.98954,3.21,0.68,12.5,6
7.1,0.26,0.31,2.2,0.044000000000000004,29.0,128.0,0.9937,3.34,0.64,10.9,8
6.9,0.24,0.39,1.3,0.063,18.0,136.0,0.9928,3.31,0.48,10.4,7
6.5,0.33,0.72,1.1,0.061,7.0,151.0,0.993,3.09,0.57,9.5,4
6.5,0.29,0.3,9.15,0.051,25.0,166.0,0.99339,3.24,0.56,11.333333333333302,6
6.9,0.19,0.33,1.6,0.043,63.0,149.0,0.9925,3.44,0.52,10.8,5
7.2,0.24,0.4,17.85,0.049,50.0,185.0,1.0,3.34,0.42,9.6,5
6.4,0.27,0.3,1.6,0.04,19.0,86.0,0.9908899999999999,3.32,0.65,11.5,6
6.0,0.2,0.38,1.3,0.034,37.0,104.0,0.98865,3.11,0.52,12.7,6
6.8,0.33,0.3,2.1,0.047,35.0,147.0,0.9886,3.24,0.56,13.4,6
6.6,0.33,0.32,15.6,0.054000000000000006,62.0,227.0,0.99734,3.25,0.56,10.4,5
6.5,0.28,0.28,20.4,0.040999999999999995,40.0,144.0,1.0002,3.14,0.38,8.7,5
6.9,0.33,0.28,1.3,0.051,37.0,187.0,0.9927,3.27,0.6,10.3,5
6.6,0.32,0.26,7.7,0.054000000000000006,56.0,209.0,0.9961,3.17,0.45,8.8,5
7.0,0.39,0.21,10.7,0.098,13.0,91.0,0.9965700000000001,3.03,0.47,9.3,5
6.7,0.19,0.41,15.6,0.055999999999999994,75.0,155.0,0.9995,3.2,0.44,8.8,6
6.6,0.24,0.33,10.1,0.032,8.0,81.0,0.99626,3.19,0.51,9.8,6
7.4,0.2,0.37,16.95,0.048,43.0,190.0,0.9995,3.03,0.42,9.2,6
7.6,0.27,0.52,3.2,0.043,28.0,152.0,0.99129,3.02,0.53,11.4,6
6.3,0.22,0.22,5.6,0.039,31.0,128.0,0.9929600000000001,3.12,0.46,10.4,6
7.6,0.2,0.31,1.4,0.047,41.0,142.0,0.9934,3.43,0.53,10.1,6
6.8,0.32,0.34,6.0,0.05,5.0,129.0,0.9953,3.19,0.4,9.1,5
6.4,0.26,0.35,7.7,0.055999999999999994,45.0,191.0,0.9952700000000001,3.16,0.5,9.5,5
5.7,0.22,0.29,3.5,0.04,27.0,146.0,0.9899899999999999,3.17,0.36,12.1,6
6.1,0.18,0.36,2.0,0.038,20.0,249.5,0.9923,3.37,0.79,11.3,6
6.0,0.29,0.25,1.4,0.033,30.0,114.0,0.9879399999999999,3.08,0.43,13.2,6
7.1,0.2,0.27,9.6,0.037000000000000005,19.0,105.0,0.99444,3.04,0.37,10.5,7
6.2,0.24,0.27,16.8,0.04,48.0,129.0,0.9969100000000001,3.23,0.38,10.5,6
7.3,0.3,0.34,2.7,0.044000000000000004,34.0,108.0,0.99105,3.36,0.53,12.8,8
9.4,0.23,0.56,16.45,0.063,52.5,282.0,1.00098,3.1,0.51,9.3,5
5.7,0.32,0.38,4.75,0.033,23.0,94.0,0.991,3.42,0.42,11.8,7
6.5,0.32,0.23,8.5,0.051,20.0,138.0,0.9943,3.03,0.42,10.7,5
6.5,0.34,0.28,1.8,0.040999999999999995,43.0,188.0,0.9928,3.13,0.37,9.6,6
8.3,0.27,0.45,1.3,0.048,8.0,72.0,0.9944,3.08,0.61,10.3,4
9.8,0.44,0.4,2.8,0.036000000000000004,35.0,167.0,0.9956,2.97,0.39,9.2,5
8.3,0.28,0.4,7.8,0.040999999999999995,38.0,194.0,0.9976,3.34,0.51,9.6,6
6.6,0.18,0.28,1.7,0.040999999999999995,53.0,161.0,0.9920700000000001,3.13,0.45,10.2,6
6.7,0.3,0.44,18.5,0.057,65.0,224.0,0.99956,3.11,0.53,9.1,5
6.9,0.33,0.31,7.7,0.04,29.0,135.0,0.99226,3.11,0.57,12.3,5
5.9,0.25,0.24,7.4,0.044000000000000004,21.0,113.0,0.9946200000000001,3.38,0.58,10.5,6
7.8,0.21,0.27,1.2,0.051,20.0,89.0,0.9936,3.06,0.46,9.1,5
6.6,0.24,0.3,11.3,0.026000000000000002,11.0,77.0,0.9938100000000001,3.13,0.55,12.8,7
7.1,0.28,0.35,3.5,0.027999999999999997,35.0,91.0,0.9902200000000001,2.96,0.33,12.1,5
7.2,0.37,0.4,11.6,0.032,34.0,214.0,0.9963,3.1,0.51,9.8,6
7.1,0.29,0.28,9.3,0.048,50.0,141.0,0.9949,3.13,0.49,10.3,6
6.2,0.29,0.23,12.4,0.048,33.0,201.0,0.9961200000000001,3.11,0.56,9.9,6
6.9,0.3,0.3,10.55,0.037000000000000005,4.0,28.0,0.9918399999999999,3.07,0.32,12.7,6
6.6,0.33,0.24,16.05,0.045,31.0,147.0,0.9982200000000001,3.08,0.52,9.2,5
6.7,0.34,0.43,1.6,0.040999999999999995,29.0,114.0,0.9901399999999999,3.23,0.44,12.6,6
6.7,0.31,0.3,2.4,0.038,30.0,83.0,0.98867,3.09,0.36,12.8,7
6.9,0.28,0.37,9.1,0.037000000000000005,16.0,76.0,0.9948,3.05,0.54,11.1,5
6.4,0.28,0.29,1.6,0.052000000000000005,34.0,127.0,0.9929,3.48,0.56,10.5,7
6.2,0.47,0.19,8.3,0.028999999999999998,24.0,142.0,0.992,3.22,0.45,12.3,6
6.9,0.36,0.34,4.2,0.018000000000000002,57.0,119.0,0.9898,3.28,0.36,12.7,9
6.2,0.26,0.37,7.1,0.047,54.0,201.0,0.99523,3.19,0.48,9.5,6
8.1,0.2,0.3,1.3,0.036000000000000004,7.0,49.0,0.9924200000000001,2.99,0.73,10.3,5
7.6,0.345,0.26,1.9,0.043,15.0,134.0,0.9936,3.08,0.38,9.5,5
7.0,0.28,0.26,1.7,0.042,34.0,130.0,0.9925,3.43,0.5,10.7,8
7.2,0.28,0.26,12.5,0.046,48.0,179.0,0.9975,3.1,0.52,9.0,6
8.0,0.33,0.35,10.0,0.035,22.0,108.0,0.9945700000000001,3.12,0.36,11.6,6
8.1,0.26,0.37,1.9,0.07200000000000001,48.0,159.0,0.9949,3.37,0.7,10.9,6
8.4,0.19,0.43,2.1,0.052000000000000005,20.0,104.0,0.9940000000000001,2.85,0.46,9.5,5
8.0,0.57,0.39,3.9,0.034,22.0,122.0,0.9917,3.29,0.67,12.8,7
6.8,0.21,0.36,18.1,0.046,32.0,133.0,1.0,3.27,0.48,8.8,5
8.4,0.58,0.27,12.15,0.033,37.0,116.0,0.9959,2.99,0.39,10.8,6
6.6,0.56,0.15,10.0,0.037000000000000005,38.0,157.0,0.9964200000000001,3.28,0.52,9.4,5
7.7,0.29,0.48,2.3,0.049,36.0,178.0,0.9931,3.17,0.64,10.6,6
6.6,0.17,0.28,1.8,0.042,62.0,178.0,0.9920399999999999,3.15,0.42,10.2,5
7.2,0.34,0.3,8.4,0.051,40.0,167.0,0.99756,3.48,0.62,9.7,5
6.6,0.17,0.35,2.6,0.03,33.0,78.0,0.99146,3.22,0.72,11.3,6
6.2,0.27,0.47,1.2,0.146,28.0,105.0,0.99224,3.23,0.51,10.1,5
6.8,0.27,0.49,1.2,0.044000000000000004,35.0,126.0,0.99,3.13,0.48,12.1,7
4.7,0.67,0.09,1.0,0.02,5.0,9.0,0.9872200000000001,3.3,0.34,13.6,5
7.3,0.21,0.29,1.6,0.034,29.0,118.0,0.9917,3.3,0.5,11.0,8
6.9,0.28,0.37,9.1,0.037000000000000005,16.0,76.0,0.9948,3.05,0.54,11.1,5
6.5,0.29,0.31,1.7,0.035,24.0,79.0,0.9905299999999999,3.27,0.69,11.4,7
6.9,0.17,0.22,4.6,0.064,55.0,152.0,0.9952,3.29,0.37,9.3,6
6.7,0.22,0.39,1.2,0.049,26.0,152.0,0.99346,3.5,0.47,10.0,6
6.6,0.24,0.27,15.8,0.035,46.0,188.0,0.9982,3.24,0.51,9.2,5
6.7,0.61,0.21,1.65,0.11699999999999999,40.0,240.0,0.9938,3.11,0.57,9.3,5
7.6,0.345,0.26,1.9,0.043,15.0,134.0,0.9936,3.08,0.38,9.5,5
6.0,0.16,0.37,1.5,0.025,43.0,117.0,0.9928,3.46,0.51,9.7,6
5.6,0.18,0.27,1.7,0.03,31.0,103.0,0.98892,3.35,0.37,12.9,6
8.6,0.33,0.34,11.8,0.059000000000000004,42.0,240.0,0.99882,3.17,0.52,10.0,6
6.3,0.26,0.42,7.1,0.045,62.0,209.0,0.99544,3.2,0.53,9.5,6
7.6,0.2,0.3,14.2,0.055999999999999994,53.0,212.5,0.9990000000000001,3.14,0.46,8.9,8
7.1,0.36,0.4,1.95,0.033,26.0,118.0,0.98934,3.2,0.45,13.5,7
6.3,0.2,0.24,1.7,0.052000000000000005,36.0,135.0,0.99374,3.8,0.66,10.8,6
5.5,0.19,0.27,0.9,0.04,52.0,103.0,0.99026,3.5,0.39,11.2,5
6.6,0.36,0.52,10.1,0.05,29.0,140.0,0.9962799999999999,3.07,0.4,9.4,5
7.9,0.19,0.26,2.1,0.039,8.0,143.0,0.9942,3.05,0.74,9.8,5
7.5,0.29,0.67,8.1,0.037000000000000005,53.0,166.0,0.9966,2.9,0.41,8.9,6
8.2,0.22,0.3,1.8,0.047,47.0,185.0,0.9933,3.13,0.5,10.2,6
7.0,0.26,0.26,10.8,0.039,37.0,184.0,0.99787,3.47,0.58,10.3,7
7.5,0.38,0.33,9.2,0.043,19.0,116.0,0.99444,3.08,0.42,11.4,6
7.2,0.24,0.3,1.2,0.037000000000000005,11.0,95.0,0.9891399999999999,2.96,0.36,12.5,6
9.2,0.27,0.34,10.5,0.043,49.0,228.0,0.9974,3.04,0.41,10.4,6
7.1,0.16,0.36,1.2,0.043,21.0,90.0,0.9925,3.16,0.42,11.0,7
6.6,0.37,0.24,2.0,0.064,23.0,120.0,0.9946,3.32,0.54,9.4,5
6.4,0.34,0.44,8.2,0.043,54.0,201.0,0.99551,3.18,0.48,9.5,5
7.1,0.25,0.3,2.4,0.042,25.0,122.0,0.9940000000000001,3.43,0.61,10.5,6
7.3,0.3,0.74,13.5,0.039,46.0,165.0,0.9982,3.02,0.4,8.7,5
6.6,0.27,0.31,5.3,0.13699999999999998,35.0,163.0,0.9951,3.2,0.38,9.3,5
6.7,0.26,0.26,4.0,0.079,35.5,216.0,0.9956,3.31,0.68,9.5,5
5.8,0.19,0.25,10.8,0.042,33.0,124.0,0.99646,3.22,0.41,9.2,6
6.9,0.32,0.26,2.3,0.03,11.0,103.0,0.99106,3.06,0.42,11.1,6
5.7,0.36,0.34,4.2,0.026000000000000002,21.0,77.0,0.9907,3.41,0.45,11.9,6
6.8,0.26,0.24,7.8,0.052000000000000005,54.0,214.0,0.9961,3.13,0.47,8.9,5
6.8,0.18,0.3,12.8,0.062,19.0,171.0,0.99808,3.0,0.52,9.0,7
6.8,0.31,0.3,8.0,0.027999999999999997,33.0,122.0,0.99164,3.13,0.63,12.6,7
6.6,0.425,0.25,2.35,0.034,23.0,87.0,0.99082,3.05,0.41,11.4,6
6.3,0.3,0.24,6.6,0.04,38.0,141.0,0.995,3.22,0.47,9.5,5
6.6,0.26,0.46,6.9,0.047,59.0,183.0,0.9959399999999999,3.2,0.45,9.3,5
8.5,0.28,0.34,13.8,0.040999999999999995,32.0,161.0,0.9981,3.13,0.4,9.9,6
6.7,0.27,0.69,1.2,0.17600000000000002,36.0,106.0,0.9928799999999999,2.96,0.43,9.2,6
7.5,0.38,0.29,12.7,0.05,25.0,209.0,0.9986,3.25,0.59,9.3,6
6.7,0.48,0.49,2.9,0.03,28.0,122.0,0.98926,3.13,0.4,13.0,6
7.6,0.38,0.28,4.2,0.028999999999999998,7.0,112.0,0.9906,3.0,0.41,12.6,6
6.4,0.25,0.74,7.8,0.045,52.0,209.0,0.9956,3.21,0.42,9.2,6
6.5,0.23,0.38,1.3,0.032,29.0,112.0,0.99298,3.29,0.54,9.7,5
6.6,0.23,0.26,1.3,0.045,16.0,128.0,0.9934,3.36,0.6,10.0,6
6.5,0.26,0.32,6.65,0.059000000000000004,34.0,104.0,0.99254,3.18,0.42,11.1,5
6.7,0.38,0.26,9.55,0.036000000000000004,35.0,91.0,0.9919,2.98,0.37,12.4,6
5.8,0.27,0.27,12.3,0.045,55.0,170.0,0.9972,3.28,0.42,9.3,6
6.7,0.47,0.34,8.9,0.043,31.0,172.0,0.9964,3.22,0.6,9.2,5
6.9,0.25,0.24,1.8,0.053,6.0,121.0,0.993,3.23,0.7,11.4,5
5.8,0.315,0.19,19.4,0.031,28.0,106.0,0.9970399999999999,2.97,0.4,10.55,6
5.8,0.23,0.21,1.5,0.044000000000000004,21.0,110.0,0.9913799999999999,3.3,0.57,11.0,6
9.7,0.24,0.45,1.2,0.033,11.0,59.0,0.9926,2.74,0.47,10.8,6
7.0,0.15,0.34,1.4,0.039,21.0,177.0,0.9927,3.32,0.62,10.8,5
7.8,0.3,0.29,16.85,0.054000000000000006,23.0,135.0,0.9998,3.16,0.38,9.0,6
7.2,0.23,0.39,14.2,0.057999999999999996,49.0,192.0,0.9979,2.98,0.48,9.0,7
7.6,0.34,0.39,7.6,0.04,45.0,215.0,0.9965,3.11,0.53,9.2,6
6.1,0.37,0.2,7.6,0.031,49.0,170.0,0.9955799999999999,3.22,0.48,9.5,5
7.5,0.38,0.56,9.7,0.055,15.0,170.0,0.99605,3.13,0.65,9.9,6
7.0,0.22,0.31,2.7,0.03,41.0,136.0,0.9898,3.16,0.37,12.7,7
7.8,0.3,0.29,16.85,0.054000000000000006,23.0,135.0,0.9998,3.16,0.38,9.0,6
6.7,0.42,0.39,12.1,0.04,61.0,248.0,0.9979399999999999,3.31,0.58,9.7,5
6.0,0.19,0.26,12.4,0.048,50.0,147.0,0.9972,3.3,0.36,8.9,6
6.7,0.21,0.48,14.8,0.05,31.0,195.0,0.9994200000000001,2.95,0.75,8.8,6
6.2,0.255,0.27,1.3,0.037000000000000005,30.0,86.0,0.98834,3.05,0.59,12.9,7
7.0,0.2,0.37,2.0,0.03,26.0,136.0,0.9932,3.28,0.61,10.2,6
7.7,0.22,0.42,1.9,0.052000000000000005,10.0,87.0,0.9922,3.3,0.49,11.8,6
5.4,0.22,0.35,6.5,0.028999999999999998,26.0,87.0,0.99092,3.29,0.44,12.5,7
6.2,0.28,0.22,7.3,0.040999999999999995,26.0,157.0,0.9957,3.44,0.64,9.8,7
6.4,0.15,0.4,1.5,0.042,23.0,87.0,0.98972,3.11,0.46,12.2,7
7.1,0.28,0.28,8.5,0.03,25.0,191.0,0.9933799999999999,3.16,0.46,12.2,7
5.2,0.24,0.45,3.8,0.027000000000000003,21.0,128.0,0.992,3.55,0.49,11.2,8
6.0,0.26,0.32,3.8,0.028999999999999998,48.0,180.0,0.99011,3.15,0.34,12.0,6
6.4,0.17,0.3,2.8,0.034,33.0,125.0,0.9915200000000001,3.03,0.49,10.4,6
7.2,0.17,0.37,6.9,0.059000000000000004,47.0,128.0,0.9932200000000001,3.08,0.46,11.0,7
6.8,0.28,0.17,13.9,0.047,49.0,162.0,0.9983,3.21,0.51,9.0,6
7.5,0.21,0.34,1.2,0.06,26.0,111.0,0.9931,3.51,0.47,10.7,6
7.5,0.15,0.38,1.8,0.054000000000000006,19.0,101.0,0.9946,3.24,0.44,10.0,5
5.8,0.27,0.22,12.7,0.057999999999999996,42.0,206.0,0.9946,3.32,0.38,12.3,6
7.1,0.12,0.3,3.1,0.018000000000000002,15.0,37.0,0.9900399999999999,3.02,0.52,11.9,7
6.9,0.18,0.36,1.3,0.036000000000000004,40.0,117.0,0.9934,3.27,0.95,9.5,7
6.2,0.25,0.38,7.9,0.045,54.0,208.0,0.99572,3.17,0.46,9.1,5
6.4,0.17,0.34,1.5,0.09300000000000001,43.0,136.0,0.9938,3.25,0.49,9.6,6
6.5,0.27,0.19,6.6,0.045,98.0,175.0,0.99364,3.16,0.34,10.1,6
5.3,0.23,0.56,0.9,0.040999999999999995,46.0,141.0,0.99119,3.16,0.62,9.7,5
6.4,0.15,0.44,1.2,0.043,67.0,150.0,0.9907,3.14,0.73,11.2,7
7.2,0.27,0.27,2.4,0.048,30.0,149.0,0.9936,3.1,0.51,9.2,6
7.9,0.255,0.26,2.0,0.026000000000000002,40.0,190.0,0.9932,3.04,0.39,11.2,6
6.5,0.26,0.31,1.3,0.034,59.0,145.0,0.98944,3.16,0.54,12.4,6
6.7,0.24,0.41,2.9,0.039,48.0,122.0,0.9905200000000001,3.25,0.43,12.0,5
6.0,0.26,0.32,3.5,0.027999999999999997,29.0,113.0,0.9912,3.4,0.71,12.3,7
6.4,0.15,0.44,1.2,0.043,67.0,150.0,0.9907,3.14,0.73,11.2,7
6.3,0.4,0.24,5.1,0.036000000000000004,43.0,131.0,0.9918600000000001,3.24,0.44,11.3,6
6.4,0.17,0.27,9.9,0.047,26.0,101.0,0.9959600000000001,3.34,0.5,9.9,6
6.7,0.21,0.49,1.4,0.047,30.0,114.0,0.9914,2.92,0.42,10.8,7
6.8,0.18,0.24,9.8,0.057999999999999996,64.0,188.0,0.9952,3.13,0.51,10.6,6
6.7,0.17,0.37,2.0,0.039,34.0,125.0,0.9922,3.26,0.6,10.8,7
5.9,0.33,0.32,8.1,0.038,9.0,34.0,0.9911,3.22,0.36,12.7,7
6.6,0.18,0.26,17.3,0.051,17.0,149.0,0.9984,3.0,0.43,9.4,6
7.3,0.26,0.32,1.2,0.040999999999999995,29.0,94.0,0.9897799999999999,3.07,0.45,12.0,6
8.1,0.27,0.33,1.3,0.045,26.0,100.0,0.99066,2.98,0.44,12.4,6
8.0,0.45,0.36,8.8,0.026000000000000002,50.0,151.0,0.9927,3.07,0.25,12.7,8
6.5,0.18,0.41,14.2,0.039,47.0,129.0,0.9967799999999999,3.28,0.72,10.3,7
7.1,0.17,0.31,1.6,0.037000000000000005,15.0,103.0,0.991,3.14,0.5,12.0,6
7.7,0.28,0.33,6.7,0.037000000000000005,32.0,155.0,0.9951,3.39,0.62,10.7,7
6.8,0.46,0.26,6.3,0.147,49.0,159.0,0.99434,3.14,0.47,10.0,5
7.6,0.31,0.24,1.8,0.037000000000000005,39.0,150.0,0.9913,3.05,0.44,11.8,7
7.7,0.43,1.0,19.95,0.032,42.0,164.0,0.9974200000000001,3.29,0.5,12.0,6
6.2,0.21,0.28,5.7,0.027999999999999997,45.0,121.0,0.9916799999999999,3.21,1.08,12.15,7
6.8,0.29,0.34,3.5,0.054000000000000006,26.0,189.0,0.9948899999999999,3.42,0.58,10.4,5
6.9,0.12,0.36,2.2,0.037000000000000005,18.0,111.0,0.9919,3.41,0.82,11.9,8
6.8,0.19,0.32,7.6,0.049,37.0,107.0,0.9933200000000001,3.12,0.44,10.7,7
6.5,0.29,0.42,10.6,0.042,66.0,202.0,0.99674,3.24,0.53,9.5,6
4.8,0.29,0.23,1.1,0.044000000000000004,38.0,180.0,0.98924,3.28,0.34,11.9,6
7.1,0.21,0.28,2.7,0.034,23.0,111.0,0.99405,3.35,0.64,10.2,4
6.9,0.19,0.28,5.0,0.057999999999999996,14.0,146.0,0.9952,3.29,0.36,9.1,6
6.1,0.36,0.58,15.0,0.044000000000000004,42.0,115.0,0.9978,3.15,0.51,9.0,5
6.7,0.16,0.32,12.5,0.035,18.0,156.0,0.99666,2.88,0.36,9.0,6
7.7,0.43,0.28,4.5,0.046,33.0,102.0,0.9918,3.16,0.56,12.2,7
7.3,0.28,0.54,12.9,0.049,62.0,162.5,0.9984,3.06,0.45,9.1,6
6.4,0.32,0.23,16.2,0.055,36.0,176.0,0.9986,3.26,0.54,9.1,5
7.2,0.21,0.41,1.3,0.036000000000000004,33.0,85.0,0.992,3.17,0.51,10.4,5
5.7,0.25,0.21,1.5,0.044000000000000004,21.0,108.0,0.9914200000000001,3.3,0.59,11.0,6
6.4,0.23,0.35,10.3,0.042,54.0,140.0,0.9967,3.23,0.47,9.2,5
6.1,0.25,0.18,10.5,0.049,41.0,124.0,0.9963,3.14,0.35,10.5,5
6.0,0.26,0.33,4.35,0.04,15.0,80.0,0.98934,3.29,0.5,12.7,6
9.8,0.42,0.48,9.85,0.034,5.0,110.0,0.9958,2.87,0.29,10.0,5
5.6,0.2,0.66,10.2,0.043,78.0,175.0,0.9945,2.98,0.43,10.4,7
6.9,0.39,0.4,4.6,0.022000000000000002,5.0,19.0,0.9915,3.31,0.37,12.6,3
7.9,0.11,0.49,4.5,0.048,27.0,133.0,0.9946,3.24,0.42,10.6,6
8.2,0.24,0.49,9.3,0.038,52.0,163.0,0.9952,3.02,0.33,10.6,6
5.1,0.165,0.22,5.7,0.047,42.0,146.0,0.9934,3.18,0.55,9.9,6
6.8,0.14,0.35,1.5,0.047,40.0,117.0,0.99111,3.07,0.72,11.1,6
7.5,0.26,0.59,11.8,0.046,58.0,164.0,0.9981399999999999,3.17,0.46,8.9,4
8.8,0.33,0.36,2.1,0.034,19.0,125.0,0.99166,2.96,0.98,12.7,6
7.7,0.39,0.3,5.2,0.037000000000000005,29.0,131.0,0.9943,3.38,0.44,11.0,6
6.7,0.31,0.32,14.5,0.038,6.0,79.0,0.9941200000000001,3.14,0.34,12.5,5
6.4,0.21,0.5,11.6,0.042,45.0,153.0,0.9972,3.15,0.43,8.8,5
6.7,0.21,0.42,9.1,0.049,31.0,150.0,0.9953,3.12,0.74,9.9,7
6.6,0.31,0.07,1.5,0.033,55.0,144.0,0.99208,3.16,0.42,10.0,5
7.5,0.18,0.45,4.6,0.040999999999999995,67.0,158.0,0.9927,3.01,0.38,10.6,6
7.9,0.31,0.22,13.3,0.048,46.0,212.0,0.9994200000000001,3.47,0.59,10.0,5
7.1,0.2,0.3,0.9,0.019,4.0,28.0,0.98931,3.2,0.36,12.0,6
6.6,0.22,0.37,1.6,0.04,31.0,101.0,0.9900899999999999,3.15,0.66,12.0,5
7.5,0.24,0.31,13.1,0.05,26.0,180.0,0.99884,3.05,0.53,9.1,6
8.0,0.27,0.24,1.2,0.044000000000000004,20.0,102.0,0.9929,3.28,0.42,10.9,5
5.3,0.47,0.1,1.3,0.036000000000000004,11.0,74.0,0.99082,3.48,0.54,11.2,4
5.0,0.235,0.27,11.75,0.03,34.0,118.0,0.9954,3.07,0.5,9.4,6
8.5,0.26,0.21,16.2,0.07400000000000001,41.0,197.0,0.998,3.02,0.5,9.8,3
6.6,0.33,0.4,2.65,0.040999999999999995,35.0,86.0,0.98916,3.11,0.39,13.3,7
6.6,0.24,0.28,1.8,0.027999999999999997,39.0,132.0,0.99182,3.34,0.46,11.4,5
6.9,0.42,0.2,15.4,0.043,57.0,201.0,0.9984799999999999,3.08,0.54,9.4,5
7.2,0.19,0.27,11.2,0.061,46.0,149.0,0.99772,2.99,0.59,9.3,6
7.0,0.21,0.28,8.7,0.045,37.0,222.0,0.9954,3.25,0.54,10.4,6
6.8,0.28,0.43,7.6,0.03,30.0,110.0,0.99164,3.08,0.59,12.5,8
5.2,0.365,0.08,13.5,0.040999999999999995,37.0,142.0,0.997,3.46,0.39,9.9,6
6.4,0.26,0.21,8.2,0.05,51.0,182.0,0.9954200000000001,3.23,0.48,9.5,5
6.2,0.25,0.25,1.4,0.03,35.0,105.0,0.9912,3.3,0.44,11.1,7
7.1,0.22,0.74,2.7,0.044000000000000004,42.0,144.0,0.991,3.31,0.41,12.2,6
7.0,0.35,0.3,6.5,0.027999999999999997,27.0,87.0,0.9936,3.4,0.42,11.4,7
5.7,0.31,0.28,4.1,0.03,22.0,86.0,0.9906200000000001,3.31,0.38,11.7,7
5.8,0.12,0.21,1.3,0.055999999999999994,35.0,121.0,0.9908,3.32,0.33,11.4,6
6.1,0.28,0.27,8.0,0.048,41.0,162.0,0.99498,3.21,0.51,9.9,5
5.9,0.21,0.28,4.6,0.053,40.0,199.0,0.9964,3.72,0.7,10.0,4
6.7,0.64,0.3,1.2,0.03,18.0,76.0,0.9892,3.16,0.6,12.9,4
7.0,0.3,0.51,13.6,0.05,40.0,168.0,0.9976,3.07,0.52,9.6,7
6.4,0.16,0.42,1.0,0.036000000000000004,29.0,113.0,0.9908,3.18,0.52,11.0,6
6.7,0.26,0.29,7.1,0.036000000000000004,28.0,100.0,0.99534,3.08,0.36,9.3,6
6.0,0.26,0.29,3.1,0.040999999999999995,37.0,144.0,0.98944,3.22,0.39,12.8,7
6.9,0.26,0.33,12.6,0.051,59.0,173.0,0.998,3.39,0.38,9.9,5
8.0,0.61,0.38,12.1,0.301,24.0,220.0,0.9993,2.94,0.48,9.2,5
6.0,0.35,0.46,0.9,0.033,9.0,65.0,0.98934,3.24,0.35,12.1,4
6.9,0.31,0.34,1.6,0.032,23.0,128.0,0.9917,3.37,0.47,11.7,6
6.1,0.22,0.28,16.55,0.059000000000000004,54.0,135.0,0.99665,3.2,0.38,10.5,5
7.2,0.26,0.38,1.5,0.061,12.0,120.0,0.99192,3.18,0.46,10.4,5
7.6,0.17,0.27,4.6,0.05,23.0,98.0,0.9942200000000001,3.08,0.47,9.5,6
6.9,0.17,0.25,1.6,0.047,34.0,132.0,0.9914,3.16,0.48,11.4,5
8.1,0.29,0.49,7.1,0.042,22.0,124.0,0.9944,3.14,0.41,10.8,6
7.4,0.28,0.49,1.5,0.034,20.0,126.0,0.9918,2.98,0.39,10.6,6
6.9,0.18,0.36,1.3,0.036000000000000004,40.0,117.0,0.9934,3.27,0.95,9.5,7
5.4,0.53,0.16,2.7,0.036000000000000004,34.0,128.0,0.98856,3.2,0.53,13.2,8
5.2,0.155,0.33,1.6,0.027999999999999997,13.0,59.0,0.98975,3.3,0.84,11.9,8
7.4,0.26,0.37,9.4,0.047,42.0,147.0,0.9982,3.46,0.72,10.0,5
7.0,0.19,0.23,5.7,0.12300000000000001,27.0,104.0,0.9954,3.04,0.54,9.4,6
6.8,0.26,0.29,11.9,0.052000000000000005,54.0,160.0,0.99546,3.03,0.58,10.4,6
7.7,0.44,0.24,11.2,0.031,41.0,167.0,0.9948,3.12,0.43,11.3,7
6.6,0.26,0.27,11.8,0.048,28.0,112.0,0.9960600000000001,2.87,0.49,9.7,6
6.0,0.26,0.15,1.3,0.06,51.0,154.0,0.99354,3.14,0.51,8.7,5
6.9,0.32,0.3,1.8,0.036000000000000004,28.0,117.0,0.99269,3.24,0.48,11.0,6
5.8,0.28,0.66,9.1,0.039,26.0,159.0,0.9965,3.66,0.55,10.8,5
7.1,0.22,0.32,16.9,0.055999999999999994,49.0,158.0,0.9998,3.37,0.38,9.6,6
7.4,0.34,0.3,14.9,0.037000000000000005,70.0,169.0,0.99698,3.25,0.37,10.4,6
8.1,0.3,0.31,1.1,0.040999999999999995,49.0,123.0,0.9914,2.99,0.45,11.1,6
6.6,0.4,0.32,1.7,0.035,39.0,84.0,0.9909600000000001,3.59,0.48,12.7,7
7.3,0.3,0.42,7.35,0.025,51.0,175.0,0.9928,3.04,0.32,11.4,6
6.5,0.22,0.19,4.5,0.096,16.0,115.0,0.9937,3.02,0.44,9.6,5
6.6,0.32,0.33,2.5,0.052000000000000005,40.0,219.5,0.99316,3.15,0.6,10.0,5
8.9,0.34,0.34,1.6,0.055999999999999994,13.0,176.0,0.9946,3.14,0.47,9.7,5
6.1,0.28,0.25,6.9,0.055999999999999994,44.0,201.0,0.9955,3.19,0.4,9.1,6
5.6,0.19,0.39,1.1,0.043,17.0,67.0,0.9918,3.23,0.53,10.3,6
6.9,0.22,0.32,5.8,0.040999999999999995,20.0,119.0,0.9929600000000001,3.17,0.55,11.2,6
6.8,0.52,0.26,5.7,0.038,27.0,130.0,0.99,3.11,0.27,13.0,7
5.0,0.455,0.18,1.9,0.036000000000000004,33.0,106.0,0.98746,3.21,0.83,14.0,7
6.9,0.28,0.41,1.4,0.016,6.0,55.0,0.9887600000000001,3.16,0.4,13.4,5
6.6,0.24,0.24,8.6,0.034,25.0,135.0,0.99582,3.33,0.59,10.3,6
9.4,0.29,0.55,2.2,0.05,17.0,119.0,0.9962,3.12,0.69,10.3,4
8.0,0.36,0.39,1.6,0.024,26.0,93.0,0.99116,3.15,0.49,11.9,6
6.2,0.32,0.12,4.8,0.054000000000000006,6.0,97.0,0.99424,3.16,0.5,9.3,5
5.2,0.31,0.36,5.1,0.031,46.0,145.0,0.9897,3.14,0.31,12.4,7
5.7,0.25,0.32,12.2,0.040999999999999995,43.0,127.0,0.99524,3.23,0.53,10.4,7
6.9,0.36,0.28,13.55,0.048,51.0,189.0,0.99782,3.0,0.6,9.5,7
8.9,0.27,0.28,0.8,0.024,29.0,128.0,0.9898399999999999,3.01,0.35,12.4,6
6.15,0.21,0.37,3.2,0.021,20.0,80.0,0.9907600000000001,3.39,0.47,12.0,5
7.2,0.23,0.32,8.5,0.057999999999999996,47.0,186.0,0.9956,3.19,0.4,9.9,6
7.2,0.26,0.4,6.3,0.047,52.0,172.0,0.9957299999999999,3.18,0.53,9.5,6
6.6,0.24,0.35,7.7,0.031,36.0,135.0,0.9938,3.19,0.37,10.5,5
6.3,0.18,0.22,1.5,0.043,45.0,155.0,0.9923799999999999,3.19,0.48,10.2,5
6.6,0.41,0.24,4.9,0.158,47.0,144.0,0.99471,3.17,0.49,9.4,5
7.9,0.18,0.37,1.2,0.04,16.0,75.0,0.992,3.18,0.63,10.8,5
6.6,0.16,0.21,6.7,0.055,43.0,157.0,0.99384,3.15,0.52,10.8,6
5.8,0.22,0.29,0.9,0.034,34.0,89.0,0.98936,3.14,0.36,11.1,7
6.2,0.23,0.36,17.2,0.039,37.0,130.0,0.99946,3.23,0.43,8.8,6
6.8,0.63,0.04,1.3,0.057999999999999996,25.0,133.0,0.99271,3.17,0.39,10.2,4
8.3,0.17,0.31,1.5,0.049,48.0,153.0,0.9942,3.12,0.58,9.4,6
6.3,0.41,0.18,3.5,0.027000000000000003,23.0,109.0,0.99018,3.34,0.54,12.8,8
6.8,0.15,0.32,8.8,0.057999999999999996,24.0,110.0,0.9972,3.4,0.4,8.8,6
5.8,0.34,0.16,7.0,0.037000000000000005,26.0,116.0,0.9949,3.46,0.45,10.0,7
5.9,0.26,0.4,1.3,0.047,12.0,139.0,0.9945,3.45,0.53,10.4,5
5.5,0.18,0.22,5.5,0.037000000000000005,10.0,86.0,0.99156,3.46,0.44,12.2,5
7.1,0.27,0.24,12.6,0.044000000000000004,48.0,118.0,0.99726,3.04,0.56,10.0,7
6.5,0.24,0.24,1.6,0.046,15.0,60.0,0.9928,3.19,0.39,9.8,5
5.1,0.31,0.3,0.9,0.037000000000000005,28.0,152.0,0.992,3.54,0.56,10.1,6
6.6,0.35,0.29,14.4,0.044000000000000004,54.0,177.0,0.9991,3.17,0.58,8.9,6
7.5,0.29,0.26,14.95,0.067,47.0,178.0,0.9983799999999999,3.04,0.49,9.2,4
7.6,0.27,0.25,13.9,0.05,45.0,199.0,0.9984,3.34,0.5,9.8,6
6.8,0.27,0.22,8.1,0.034,55.0,203.0,0.9961,3.19,0.52,8.9,5
6.1,0.22,0.46,1.8,0.16,34.0,74.0,0.9884,3.19,0.33,13.4,6
6.8,0.23,0.3,1.7,0.043,19.0,95.0,0.9920700000000001,3.17,0.46,10.7,7
9.0,0.3,0.49,7.2,0.039,32.0,84.0,0.9938,2.94,0.32,11.5,6
6.9,0.25,0.34,1.3,0.035,27.0,82.0,0.99045,3.18,0.44,12.2,6
6.3,0.33,0.2,5.8,0.04,24.0,144.0,0.99425,3.15,0.63,9.9,5
6.9,0.19,0.49,6.6,0.036000000000000004,49.0,172.0,0.9932,3.2,0.27,11.5,6
7.1,0.18,0.49,1.3,0.033,12.0,72.0,0.99072,3.05,0.53,11.3,7
6.8,0.26,0.44,8.2,0.046,52.0,183.0,0.99584,3.2,0.51,9.4,5
6.4,0.55,0.26,9.6,0.027000000000000003,20.0,104.0,0.9924,3.22,0.73,13.1,6
5.8,0.23,0.27,1.8,0.043,24.0,69.0,0.9933,3.38,0.31,9.4,6
5.6,0.33,0.28,1.2,0.031,33.0,97.0,0.99126,3.49,0.58,10.9,6
6.6,0.17,0.36,1.9,0.036000000000000004,38.0,110.0,0.99056,3.05,0.54,11.4,6
8.2,0.18,0.31,11.8,0.039,96.0,249.0,0.9976,3.07,0.52,9.5,6
6.2,0.24,0.28,12.2,0.049,54.0,133.0,0.9952,3.19,0.37,10.7,6
7.4,0.16,0.27,15.5,0.05,25.0,135.0,0.9984,2.9,0.43,8.7,7
7.1,0.31,0.25,11.2,0.048,32.0,136.0,0.9966299999999999,3.14,0.4,9.5,5
6.2,0.45,0.73,7.2,0.099,47.0,202.0,0.99582,3.21,0.43,9.2,5
7.1,0.28,0.19,7.8,0.04,48.0,184.0,0.99579,3.16,0.5,9.4,5
6.8,0.43,0.3,3.5,0.033,27.0,135.0,0.9906,3.0,0.37,12.0,6
5.9,0.27,0.32,2.0,0.034,31.0,102.0,0.9895200000000001,3.16,0.56,12.3,6
6.0,0.36,0.16,6.3,0.036000000000000004,36.0,191.0,0.9942,3.17,0.62,9.8,5
6.8,0.23,0.29,12.2,0.035,38.0,236.0,0.9976,3.35,0.52,9.8,6
7.6,0.26,0.36,1.6,0.032,6.0,106.0,0.993,3.15,0.4,10.4,4
6.5,0.26,0.28,12.5,0.046,80.0,225.0,0.99685,3.18,0.41,10.0,6
6.7,0.27,0.26,2.3,0.043,61.0,181.0,0.9939399999999999,3.45,0.63,10.6,6
6.6,0.22,0.29,14.4,0.046,39.0,118.0,0.99834,3.05,0.5,9.1,6
6.4,0.3,0.27,5.0,0.057999999999999996,27.0,151.0,0.99198,3.22,0.49,12.2,6
8.9,0.27,0.34,10.7,0.028999999999999998,19.5,166.0,0.99669,3.13,0.48,10.6,5
6.6,0.26,0.28,9.4,0.027999999999999997,13.0,121.0,0.99254,3.17,0.34,12.1,6
6.8,0.15,0.3,5.3,0.05,40.0,127.0,0.9942,3.4,0.39,9.7,6
7.4,0.26,0.43,6.0,0.022000000000000002,22.0,125.0,0.9928,3.13,0.55,11.5,6
6.7,0.35,0.48,8.8,0.055999999999999994,35.0,167.0,0.9962799999999999,3.04,0.47,9.4,5
6.9,0.23,0.34,4.0,0.047,24.0,128.0,0.9944,3.2,0.52,9.7,6
6.3,0.4,0.32,10.6,0.049,38.0,209.0,0.9981,3.47,0.59,9.3,6
7.3,0.19,0.27,13.9,0.057,45.0,155.0,0.9980700000000001,2.94,0.41,8.8,8
5.3,0.275,0.24,7.4,0.038,28.0,114.0,0.99313,3.38,0.51,11.0,6
5.8,0.24,0.28,1.4,0.038,40.0,76.0,0.98711,3.1,0.29,13.9,7
7.1,0.44,0.27,8.4,0.057,60.0,160.0,0.9925700000000001,3.16,0.36,11.8,6
6.3,0.33,0.42,17.2,0.037000000000000005,57.0,170.0,0.99884,3.26,0.57,9.4,6
6.5,0.33,0.3,3.8,0.036000000000000004,34.0,88.0,0.9902799999999999,3.25,0.63,12.5,7
6.1,0.32,0.24,1.5,0.036000000000000004,38.0,124.0,0.9898,3.29,0.42,12.4,7
6.9,0.29,0.23,8.6,0.055999999999999994,56.0,215.0,0.9967,3.17,0.44,8.8,5
6.9,0.26,0.29,4.2,0.043,33.0,114.0,0.9902,3.16,0.31,12.5,6
7.0,0.27,0.36,20.7,0.045,45.0,170.0,1.001,3.0,0.45,8.8,6
6.2,0.41,0.22,1.9,0.023,5.0,56.0,0.9892799999999999,3.04,0.79,13.0,7
6.2,0.2,0.28,1.1,0.039,24.0,78.0,0.9899,3.36,0.47,12.1,6
6.4,0.15,0.29,1.8,0.044000000000000004,21.0,115.0,0.99166,3.1,0.38,10.2,5
7.2,0.23,0.39,14.2,0.057999999999999996,49.0,192.0,0.9979,2.98,0.48,9.0,7
6.2,0.19,0.29,4.3,0.045,33.0,126.0,0.9965799999999999,3.18,0.42,9.3,6
6.6,0.16,0.36,1.1,0.031,27.0,93.0,0.9888399999999999,3.23,0.34,13.2,8
7.0,0.23,0.28,2.7,0.053,16.0,92.0,0.99372,3.18,0.56,9.3,5
5.6,0.2,0.36,2.5,0.048,16.0,125.0,0.99282,3.49,0.49,10.0,6
6.3,0.24,0.29,13.7,0.035,53.0,134.0,0.99567,3.17,0.38,10.6,6
6.7,0.41,0.34,9.2,0.049,29.0,150.0,0.9968,3.22,0.51,9.1,5
6.2,0.25,0.38,7.9,0.045,54.0,208.0,0.99572,3.17,0.46,9.1,5
6.8,0.16,0.4,2.3,0.037000000000000005,18.0,102.0,0.9923,3.49,0.42,11.4,7
7.1,0.34,0.15,1.2,0.053,61.0,183.0,0.9936,3.09,0.43,9.2,5
6.0,0.29,0.25,1.4,0.033,30.0,114.0,0.9879399999999999,3.08,0.43,13.2,6
5.7,0.24,0.47,6.3,0.069,35.0,182.0,0.9939100000000001,3.11,0.46,9.73333333333333,5
7.6,0.29,0.29,4.4,0.051,26.0,146.0,0.9939,3.16,0.39,10.2,5
9.2,0.19,0.42,2.0,0.047,16.0,104.0,0.9951700000000001,3.09,0.66,10.0,4
6.7,0.18,0.28,10.2,0.039,29.0,115.0,0.99469,3.11,0.45,10.9,7
6.8,0.32,0.21,2.2,0.044000000000000004,15.0,68.0,0.9932,3.17,0.39,9.4,6
5.8,0.36,0.38,0.9,0.037000000000000005,3.0,75.0,0.9904,3.28,0.34,11.4,4
6.7,0.25,0.36,8.6,0.037000000000000005,63.0,206.0,0.9955299999999999,3.18,0.5,9.6,5
6.1,0.6,0.12,1.8,0.05,11.0,76.0,0.9926799999999999,3.42,0.48,10.4,4
6.6,0.17,0.3,1.1,0.031,13.0,73.0,0.99095,3.17,0.58,11.0,6
5.2,0.36,0.02,1.6,0.031,24.0,104.0,0.9896,3.44,0.35,12.2,6
8.2,0.28,0.42,1.8,0.031,30.0,93.0,0.9917,3.09,0.39,11.4,5
6.4,0.18,0.32,9.6,0.052000000000000005,24.0,90.0,0.9963,3.35,0.49,9.4,6
6.3,0.17,0.23,5.7,0.048,44.0,147.0,0.99382,3.08,0.54,10.0,5
6.7,0.13,0.45,4.2,0.043,52.0,131.0,0.9916200000000001,3.06,0.54,11.3,6
7.4,0.2,0.31,1.6,0.038,34.0,116.0,0.9912,3.25,0.39,12.0,7
7.0,0.24,0.36,2.8,0.034,22.0,112.0,0.99,3.19,0.38,12.6,8
7.0,0.31,0.26,7.4,0.069,28.0,160.0,0.9954,3.13,0.46,9.8,6
6.8,0.31,0.19,3.5,0.086,30.0,130.0,0.993,2.83,0.44,9.6,5
6.5,0.13,0.27,2.6,0.035,32.0,76.0,0.9914,3.21,0.76,11.333333333333302,6
